{
  "created_date": "2025-11-26 14:58:48",
  "models_trained": [
    "XGBoost",
    "LightGBM",
    "CatBoost",
    "LSTM-TensorFlow",
    "LSTM-PyTorch"
  ],
  "horizons": [
    7,
    14,
    30
  ],
  "n_features": 75,
  "lstm_lookback": 30,
  "pytorch_device": "cpu",
  "best_models": {
    "7d": {
      "model": "LightGBM",
      "mape": 350.354272978581,
      "rmse": 6434.683099064675,
      "r2": 0.7073565852297787
    },
    "14d": {
      "model": "LightGBM",
      "mape": 59.447496855058766,
      "rmse": 10241.89851567168,
      "r2": 0.7590860500395707
    },
    "30d": {
      "model": "XGBoost",
      "mape": 25.614376533395344,
      "rmse": 14148.660902816366,
      "r2": 0.8788496305749395
    }
  },
  "avg_mape_by_model": {
    "LightGBM": 145.5105105958356,
    "XGBoost": 171.6908088871752,
    "CatBoost": 202.2086987482735,
    "LSTM-PyTorch": 236.34337132438463,
    "LSTM-TF": 315.6992649582534
  },
  "tf_vs_pytorch": {
    "tensorflow_avg_mape": 315.6992649582534,
    "pytorch_avg_mape": 236.34337132438463,
    "winner": "PyTorch"
  }
}