Model,RMSE,MAE,MAPE,MASE,R²,N_samples
RandomForest,105.66461682985596,39.63262041329557,52.5492277135288,0.052116591298692706,0.9961306509771533,1230
XGBoost,100.11815274384855,34.630282096187635,17.6064996606805,0.04553855485063979,0.9965262033133787,1230
LightGBM,133.7288556334902,52.810892100606054,56.227473898538925,0.06944591730309414,0.9938023221660107,1230
CatBoost,109.49241030109101,50.90090461137387,38.801258333792184,0.06693429843147049,0.9958452320476249,1230
