Model,RMSE,MAE,MAPE,MASE,R²,N_samples
RandomForest,124.36696965770464,32.13911390778232,7.970717204347019,0.02232815464203903,0.9946397030989842,1230
XGBoost,78.69280479910661,23.769651654005674,11.874499876633896,0.016513599579654977,0.9978539057524881,1230
LightGBM,117.85645776590674,41.41595318766389,23.584060222787347,0.028773095925264048,0.9951862280855446,1230
CatBoost,102.58525913921167,40.42535649875239,37.46683374621701,0.02808489412476102,0.9963528916946669,1230
